stimulus,target,sound_level,mean_p90_ms,sd_between_runs_ms,n_runs,median_n_per_run,n_per_run_run_01,n_per_run_run_02,n_per_run_run_03,n_per_run_run_04,n_per_run_run_05,n_per_run_run_06,n_per_run_run_07,n_per_run_run_08,n_per_run_run_09,n_per_run_run_10,run_p90_ms_run_01,run_p90_ms_run_02,run_p90_ms_run_03,run_p90_ms_run_04,run_p90_ms_run_05,run_p90_ms_run_06,run_p90_ms_run_07,run_p90_ms_run_08,run_p90_ms_run_09,run_p90_ms_run_10
Overall,W1 Peak,10,0.24043503961748636,0.05206376137775435,10,61.5,63.0,61.0,60.0,60.0,59.0,62.0,62.0,60.0,62.0,63.0,0.19660786885245915,0.327679781420765,0.2047998633879781,0.21708785519125695,0.2293758469945358,0.2047998633879781,0.28262381147540977,0.2088958606557377,0.2047998633879781,0.327679781420765
Overall,W1 Peak,20,0.1638398907103825,0.0,10,184.0,183.0,184.0,183.0,184.0,184.0,183.0,183.0,184.0,184.0,185.0,0.1638398907103825,0.1638398907103825,0.1638398907103825,0.1638398907103825,0.1638398907103825,0.1638398907103825,0.1638398907103825,0.1638398907103825,0.1638398907103825,0.1638398907103825
Overall,W1 Peak,30,0.12287991803278682,0.0,10,250.0,249.0,249.0,251.0,250.0,250.0,250.0,250.0,250.0,250.0,249.0,0.1228799180327868,0.1228799180327868,0.1228799180327868,0.1228799180327868,0.1228799180327868,0.1228799180327868,0.1228799180327868,0.1228799180327868,0.1228799180327868,0.1228799180327868
Overall,W1 Peak,40,0.12287991803278682,0.0,10,372.0,372.0,371.0,371.0,373.0,370.0,372.0,370.0,373.0,373.0,372.0,0.1228799180327868,0.1228799180327868,0.1228799180327868,0.1228799180327868,0.1228799180327868,0.1228799180327868,0.1228799180327868,0.1228799180327868,0.1228799180327868,0.1228799180327868
Overall,W1 Peak,50,0.08970234016393451,0.014247948721541594,10,477.5,475.0,478.0,476.0,476.0,478.0,475.0,477.0,478.0,478.0,478.0,0.0819199453551912,0.0819199453551912,0.1228799180327868,0.0819199453551912,0.0819199453551912,0.1064959289617495,0.0819199453551912,0.09420793715847035,0.0819199453551912,0.0819199453551912
Overall,W1 Peak,60,0.0819199453551912,0.0,10,487.0,486.0,487.0,488.0,486.0,488.0,488.0,488.0,487.0,487.0,487.0,0.0819199453551912,0.0819199453551912,0.0819199453551912,0.0819199453551912,0.0819199453551912,0.0819199453551912,0.0819199453551912,0.0819199453551912,0.0819199453551912,0.0819199453551912
Overall,W1 Peak,70,0.0819199453551912,0.0,10,492.0,492.0,492.0,492.0,492.0,492.0,492.0,492.0,490.0,492.0,492.0,0.0819199453551912,0.0819199453551912,0.0819199453551912,0.0819199453551912,0.0819199453551912,0.0819199453551912,0.0819199453551912,0.0819199453551912,0.0819199453551912,0.0819199453551912
Overall,W1 Peak,80,0.0819199453551912,0.0,10,512.0,512.0,512.0,512.0,512.0,512.0,512.0,512.0,512.0,512.0,512.0,0.0819199453551912,0.0819199453551912,0.0819199453551912,0.0819199453551912,0.0819199453551912,0.0819199453551912,0.0819199453551912,0.0819199453551912,0.0819199453551912,0.0819199453551912
Overall,W1 Trough,10,0.11673592213114747,0.028130487001800354,10,62.0,62.0,62.0,63.0,61.0,62.0,61.0,62.0,63.0,62.0,62.0,0.0819199453551912,0.11878392076502718,0.1228799180327868,0.0819199453551912,0.1228799180327868,0.1228799180327868,0.0819199453551912,0.15564789617486352,0.11878392076502718,0.15974389344262285
Overall,W1 Trough,20,0.07741434836065571,0.012873282032502641,10,183.0,183.0,182.0,183.0,183.0,184.0,182.0,182.0,183.0,184.0,183.0,0.0819199453551912,0.0409599726775956,0.0819199453551912,0.0819199453551912,0.0819199453551912,0.07782394808743187,0.0819199453551912,0.0819199453551912,0.0819199453551912,0.0819199453551912
Overall,W1 Trough,30,0.05324796448087428,0.019785546519488786,10,250.0,250.0,250.0,250.0,250.0,251.0,250.0,250.0,250.0,250.0,250.0,0.0409599726775956,0.0409599726775956,0.0819199453551912,0.0409599726775956,0.0819199453551912,0.0409599726775956,0.0409599726775956,0.0409599726775956,0.0819199453551912,0.0409599726775956
Overall,W1 Trough,40,0.049151967213114725,0.0172702408745957,10,374.5,377.0,373.0,373.0,377.0,373.0,375.0,373.0,374.0,375.0,375.0,0.0819199453551912,0.0409599726775956,0.0409599726775956,0.0819199453551912,0.0409599726775956,0.0409599726775956,0.0409599726775956,0.0409599726775956,0.0409599726775956,0.0409599726775956
Overall,W1 Trough,50,0.0409599726775956,0.0,10,476.5,474.0,476.0,476.0,477.0,478.0,476.0,475.0,477.0,478.0,478.0,0.0409599726775956,0.0409599726775956,0.0409599726775956,0.0409599726775956,0.0409599726775956,0.0409599726775956,0.0409599726775956,0.0409599726775956,0.0409599726775956,0.0409599726775956
Overall,W1 Trough,60,0.07372795081967208,0.0172702408745957,10,489.0,489.0,489.0,489.0,489.0,489.0,489.0,489.0,489.0,488.0,489.0,0.0819199453551912,0.0819199453551912,0.0819199453551912,0.0819199453551912,0.0819199453551912,0.0819199453551912,0.0409599726775956,0.0819199453551912,0.0819199453551912,0.0409599726775956
Overall,W1 Trough,70,0.0819199453551912,0.0,10,492.0,492.0,492.0,492.0,492.0,492.0,492.0,492.0,491.0,491.0,492.0,0.0819199453551912,0.0819199453551912,0.0819199453551912,0.0819199453551912,0.0819199453551912,0.0819199453551912,0.0819199453551912,0.0819199453551912,0.0819199453551912,0.0819199453551912
Overall,W1 Trough,80,0.04464637021857935,0.01165741259035254,10,512.0,512.0,512.0,512.0,512.0,512.0,512.0,512.0,512.0,512.0,512.0,0.0409599726775956,0.0409599726775956,0.0409599726775956,0.0409599726775956,0.0409599726775956,0.0409599726775956,0.07782394808743304,0.0409599726775956,0.0409599726775956,0.0409599726775956
Overall,W3 Peak,10,0.11304952459016386,0.01718367270602797,10,65.0,65.0,65.0,65.0,65.0,65.0,65.0,65.0,65.0,65.0,65.0,0.1228799180327868,0.10649592896174861,0.1228799180327868,0.1228799180327868,0.0819199453551912,0.1228799180327868,0.1228799180327868,0.1228799180327868,0.1228799180327868,0.0819199453551912
Overall,W3 Peak,20,0.0819199453551912,0.0,10,186.0,186.0,186.0,186.0,186.0,186.0,186.0,186.0,186.0,186.0,186.0,0.0819199453551912,0.0819199453551912,0.0819199453551912,0.0819199453551912,0.0819199453551912,0.0819199453551912,0.0819199453551912,0.0819199453551912,0.0819199453551912,0.0819199453551912
Overall,W3 Peak,30,0.0409599726775956,0.0,10,253.0,253.0,253.0,253.0,253.0,253.0,253.0,253.0,253.0,253.0,253.0,0.0409599726775956,0.0409599726775956,0.0409599726775956,0.0409599726775956,0.0409599726775956,0.0409599726775956,0.0409599726775956,0.0409599726775956,0.0409599726775956,0.0409599726775956
Overall,W3 Peak,40,0.061849558743169455,0.019352112137824784,10,377.0,378.0,378.0,377.0,377.0,376.0,378.0,375.0,378.0,377.0,376.0,0.0819199453551912,0.0409599726775956,0.0819199453551912,0.0409599726775956,0.0409599726775956,0.0409599726775956,0.0655359562841539,0.0819199453551912,0.0819199453551912,0.0614399590163934
Overall,W3 Peak,50,0.04956156693989077,0.017102117083321603,10,481.0,480.0,481.0,481.0,481.0,481.0,480.0,480.0,481.0,481.0,480.0,0.0409599726775956,0.0409599726775956,0.0409599726775956,0.0409599726775956,0.0409599726775956,0.04505596994535609,0.0409599726775956,0.0819199453551912,0.0409599726775956,0.0819199453551912
Overall,W3 Peak,60,0.0409599726775956,0.0,10,489.0,489.0,489.0,489.0,490.0,489.0,490.0,489.0,489.0,488.0,489.0,0.0409599726775956,0.0409599726775956,0.0409599726775956,0.0409599726775956,0.0409599726775956,0.0409599726775956,0.0409599726775956,0.0409599726775956,0.0409599726775956,0.0409599726775956
Overall,W3 Peak,70,0.059391960382513855,0.01961997418169256,10,492.0,492.0,493.0,492.0,492.0,493.0,493.0,492.0,491.0,493.0,492.0,0.0409599726775956,0.07372795081967255,0.0409599726775956,0.0409599726775956,0.0819199453551912,0.07372795081967255,0.0409599726775956,0.0819199453551912,0.0409599726775956,0.07782394808743304
Overall,W3 Peak,80,0.0409599726775956,0.0,10,512.0,512.0,513.0,512.0,512.0,512.0,512.0,512.0,512.0,512.0,512.0,0.0409599726775956,0.0409599726775956,0.0409599726775956,0.0409599726775956,0.0409599726775956,0.0409599726775956,0.0409599726775956,0.0409599726775956,0.0409599726775956,0.0409599726775956
Overall,W3 Trough,10,0.2748414166666666,0.047235371681233325,10,61.0,62.0,62.0,62.0,61.0,60.0,61.0,61.0,60.0,61.0,62.0,0.2457598360655737,0.2867198087431694,0.2047998633879781,0.327679781420765,0.24985583333333333,0.2867198087431694,0.327679781420765,0.2047998633879781,0.2867198087431694,0.327679781420765
Overall,W3 Trough,20,0.22609904918032786,0.020867711446279146,10,179.0,179.0,179.0,179.0,179.0,179.0,179.0,179.0,178.0,179.0,179.0,0.2047998633879781,0.21299185792349792,0.2047998633879781,0.2457598360655737,0.2457598360655737,0.2047998633879781,0.2047998633879781,0.2457598360655737,0.2457598360655737,0.2457598360655737
Overall,W3 Trough,30,0.18022387978142074,0.021151638938858477,10,248.0,248.0,249.0,249.0,248.0,248.0,248.0,248.0,249.0,248.0,249.0,0.1638398907103825,0.2047998633879781,0.1638398907103825,0.1638398907103825,0.1638398907103825,0.2047998633879781,0.1638398907103825,0.2047998633879781,0.2047998633879781,0.1638398907103825
Overall,W3 Trough,40,0.22118385245901634,0.021151638938858477,10,368.5,369.0,366.0,369.0,370.0,368.0,368.0,367.0,367.0,369.0,370.0,0.2047998633879781,0.2047998633879781,0.2457598360655737,0.2457598360655737,0.2047998633879781,0.2047998633879781,0.2457598360655737,0.2047998633879781,0.2047998633879781,0.2457598360655737
Overall,W3 Trough,50,0.2047998633879781,0.0,10,471.0,471.0,473.0,471.0,471.0,471.0,470.0,472.0,473.0,470.0,471.0,0.2047998633879781,0.2047998633879781,0.2047998633879781,0.2047998633879781,0.2047998633879781,0.2047998633879781,0.2047998633879781,0.2047998633879781,0.2047998633879781,0.2047998633879781
Overall,W3 Trough,60,0.17039348633879786,0.014345739496726118,10,483.5,482.0,484.0,483.0,486.0,485.0,483.0,484.0,484.0,482.0,483.0,0.1638398907103825,0.1638398907103825,0.1638398907103825,0.2047998633879781,0.1884158743169408,0.1638398907103825,0.1638398907103825,0.1638398907103825,0.1638398907103825,0.1638398907103825
Overall,W3 Trough,70,0.1638398907103825,0.0,10,485.0,485.0,484.0,483.0,484.0,485.0,485.0,484.0,485.0,485.0,485.0,0.1638398907103825,0.1638398907103825,0.1638398907103825,0.1638398907103825,0.1638398907103825,0.1638398907103825,0.1638398907103825,0.1638398907103825,0.1638398907103825,0.1638398907103825
Overall,W3 Trough,80,0.20111346584699458,0.011657412590351806,10,501.0,501.0,501.0,503.0,500.0,501.0,501.0,501.0,500.0,503.0,502.0,0.2047998633879781,0.2047998633879781,0.2047998633879781,0.167935887978143,0.2047998633879781,0.2047998633879781,0.2047998633879781,0.2047998633879781,0.2047998633879781,0.2047998633879781
Overall,all targets,10,0.19660786885245898,0.032367306572856476,10,250.0,252.0,250.0,250.0,247.0,246.0,249.0,250.0,248.0,250.0,252.0,0.20070386612021876,0.20889586065573743,0.1638398907103825,0.2047998633879781,0.2047998633879781,0.1638398907103825,0.2457598360655737,0.1638398907103825,0.1638398907103825,0.2457598360655737
Overall,all targets,20,0.14745590163934422,0.021151638938858523,10,731.0,731.0,731.0,731.0,732.0,733.0,730.0,730.0,731.0,733.0,733.0,0.1228799180327868,0.1638398907103825,0.1638398907103825,0.1638398907103825,0.1228799180327868,0.1638398907103825,0.1228799180327868,0.1638398907103825,0.1228799180327868,0.1638398907103825
Overall,all targets,30,0.12287991803278682,0.0,10,1001.0,1000.0,1001.0,1003.0,1001.0,1002.0,1001.0,1001.0,1002.0,1001.0,1001.0,0.1228799180327868,0.1228799180327868,0.1228799180327868,0.1228799180327868,0.1228799180327868,0.1228799180327868,0.1228799180327868,0.1228799180327868,0.1228799180327868,0.1228799180327868
Overall,all targets,40,0.12287991803278682,0.0,10,1492.5,1496.0,1488.0,1490.0,1497.0,1487.0,1493.0,1485.0,1492.0,1494.0,1493.0,0.1228799180327868,0.1228799180327868,0.1228799180327868,0.1228799180327868,0.1228799180327868,0.1228799180327868,0.1228799180327868,0.1228799180327868,0.1228799180327868,0.1228799180327868
Overall,all targets,50,0.12287991803278682,0.0,10,1906.0,1900.0,1908.0,1904.0,1905.0,1908.0,1901.0,1904.0,1909.0,1907.0,1907.0,0.1228799180327868,0.1228799180327868,0.1228799180327868,0.1228799180327868,0.1228799180327868,0.1228799180327868,0.1228799180327868,0.1228799180327868,0.1228799180327868,0.1228799180327868
Overall,all targets,60,0.0942079371584699,0.019785546519488793,10,1949.0,1946.0,1949.0,1949.0,1951.0,1951.0,1950.0,1950.0,1949.0,1945.0,1948.0,0.0819199453551912,0.0819199453551912,0.1228799180327868,0.1228799180327868,0.0819199453551912,0.0819199453551912,0.0819199453551912,0.0819199453551912,0.0819199453551912,0.1228799180327868
Overall,all targets,70,0.0819199453551912,0.0,10,1961.0,1961.0,1961.0,1959.0,1960.0,1962.0,1962.0,1960.0,1957.0,1961.0,1961.0,0.0819199453551912,0.0819199453551912,0.0819199453551912,0.0819199453551912,0.0819199453551912,0.0819199453551912,0.0819199453551912,0.0819199453551912,0.0819199453551912,0.0819199453551912
Overall,all targets,80,0.12287991803278682,0.0,10,2037.0,2037.0,2038.0,2039.0,2036.0,2037.0,2037.0,2037.0,2036.0,2039.0,2038.0,0.1228799180327868,0.1228799180327868,0.1228799180327868,0.1228799180327868,0.1228799180327868,0.1228799180327868,0.1228799180327868,0.1228799180327868,0.1228799180327868,0.1228799180327868
Click,W1 Peak,30,0.11878392076502724,0.012952680655946777,10,52.0,52.0,52.0,52.0,52.0,52.0,52.0,52.0,52.0,52.0,51.0,0.1228799180327868,0.1228799180327868,0.1228799180327868,0.1228799180327868,0.1228799180327868,0.1228799180327868,0.1228799180327868,0.1228799180327868,0.1228799180327868,0.0819199453551912
Click,W1 Peak,40,0.0819199453551912,0.0,10,118.0,118.0,118.0,118.0,118.0,117.0,118.0,118.0,118.0,118.0,118.0,0.0819199453551912,0.0819199453551912,0.0819199453551912,0.0819199453551912,0.0819199453551912,0.0819199453551912,0.0819199453551912,0.0819199453551912,0.0819199453551912,0.0819199453551912
Click,W1 Peak,50,0.0409599726775956,0.0,10,123.0,123.0,123.0,123.0,123.0,123.0,123.0,123.0,123.0,123.0,123.0,0.0409599726775956,0.0409599726775956,0.0409599726775956,0.0409599726775956,0.0409599726775956,0.0409599726775956,0.0409599726775956,0.0409599726775956,0.0409599726775956,0.0409599726775956
Click,W1 Peak,60,0.05898236065573774,0.01989828558878505,10,129.5,129.0,130.0,130.0,129.0,130.0,130.0,130.0,129.0,129.0,129.0,0.0409599726775956,0.04505596994535551,0.0819199453551912,0.0409599726775956,0.0819199453551912,0.0819199453551912,0.04505596994535551,0.0409599726775956,0.049151967213114836,0.0819199453551912
Click,W1 Peak,70,0.0819199453551912,0.0,10,133.0,133.0,133.0,133.0,133.0,133.0,133.0,133.0,133.0,133.0,133.0,0.0819199453551912,0.0819199453551912,0.0819199453551912,0.0819199453551912,0.0819199453551912,0.0819199453551912,0.0819199453551912,0.0819199453551912,0.0819199453551912,0.0819199453551912
Click,W1 Peak,80,0.0819199453551912,0.0,10,152.0,152.0,152.0,152.0,152.0,152.0,152.0,152.0,152.0,152.0,152.0,0.0819199453551912,0.0819199453551912,0.0819199453551912,0.0819199453551912,0.0819199453551912,0.0819199453551912,0.0819199453551912,0.0819199453551912,0.0819199453551912,0.0819199453551912
Click,W1 Trough,30,0.052428765027322355,0.01850012837244305,10,52.0,52.0,52.0,52.0,52.0,52.0,52.0,52.0,52.0,52.0,52.0,0.07782394808743158,0.0409599726775956,0.07782394808743158,0.0409599726775956,0.0819199453551912,0.0409599726775956,0.0409599726775956,0.0409599726775956,0.0409599726775956,0.0409599726775956
Click,W1 Trough,40,0.0409599726775956,0.0,10,118.0,118.0,118.0,118.0,118.0,117.0,118.0,118.0,118.0,118.0,118.0,0.0409599726775956,0.0409599726775956,0.0409599726775956,0.0409599726775956,0.0409599726775956,0.0409599726775956,0.0409599726775956,0.0409599726775956,0.0409599726775956,0.0409599726775956
Click,W1 Trough,50,0.0409599726775956,0.0,10,123.0,123.0,123.0,123.0,123.0,123.0,123.0,123.0,123.0,123.0,123.0,0.0409599726775956,0.0409599726775956,0.0409599726775956,0.0409599726775956,0.0409599726775956,0.0409599726775956,0.0409599726775956,0.0409599726775956,0.0409599726775956,0.0409599726775956
Click,W1 Trough,60,0.0409599726775956,0.0,10,130.0,130.0,130.0,130.0,130.0,130.0,130.0,130.0,130.0,129.0,130.0,0.0409599726775956,0.0409599726775956,0.0409599726775956,0.0409599726775956,0.0409599726775956,0.0409599726775956,0.0409599726775956,0.0409599726775956,0.0409599726775956,0.0409599726775956
Click,W1 Trough,70,0.0409599726775956,0.0,10,133.0,133.0,133.0,133.0,133.0,133.0,133.0,133.0,133.0,133.0,133.0,0.0409599726775956,0.0409599726775956,0.0409599726775956,0.0409599726775956,0.0409599726775956,0.0409599726775956,0.0409599726775956,0.0409599726775956,0.0409599726775956,0.0409599726775956
Click,W1 Trough,80,0.0409599726775956,0.0,10,152.0,152.0,152.0,152.0,152.0,152.0,152.0,152.0,152.0,152.0,152.0,0.0409599726775956,0.0409599726775956,0.0409599726775956,0.0409599726775956,0.0409599726775956,0.0409599726775956,0.0409599726775956,0.0409599726775956,0.0409599726775956,0.0409599726775956
Click,W3 Peak,30,0.055705562841530054,0.019231326335812905,10,53.0,53.0,53.0,53.0,53.0,53.0,53.0,53.0,53.0,53.0,53.0,0.0819199453551912,0.0409599726775956,0.0409599726775956,0.0409599726775956,0.07372795081967226,0.07372795081967226,0.0409599726775956,0.0819199453551912,0.0409599726775956,0.0409599726775956
Click,W3 Peak,40,0.0409599726775956,0.0,10,118.0,118.0,118.0,118.0,118.0,117.0,118.0,118.0,118.0,118.0,118.0,0.0409599726775956,0.0409599726775956,0.0409599726775956,0.0409599726775956,0.0409599726775956,0.0409599726775956,0.0409599726775956,0.0409599726775956,0.0409599726775956,0.0409599726775956
Click,W3 Peak,50,0.0409599726775956,0.0,10,123.0,123.0,123.0,123.0,123.0,123.0,123.0,123.0,123.0,123.0,123.0,0.0409599726775956,0.0409599726775956,0.0409599726775956,0.0409599726775956,0.0409599726775956,0.0409599726775956,0.0409599726775956,0.0409599726775956,0.0409599726775956,0.0409599726775956
Click,W3 Peak,60,0.0409599726775956,0.0,10,131.0,131.0,131.0,131.0,131.0,131.0,131.0,131.0,131.0,130.0,131.0,0.0409599726775956,0.0409599726775956,0.0409599726775956,0.0409599726775956,0.0409599726775956,0.0409599726775956,0.0409599726775956,0.0409599726775956,0.0409599726775956,0.0409599726775956
Click,W3 Peak,70,0.0409599726775956,0.0,10,134.0,134.0,134.0,134.0,134.0,134.0,134.0,134.0,134.0,134.0,134.0,0.0409599726775956,0.0409599726775956,0.0409599726775956,0.0409599726775956,0.0409599726775956,0.0409599726775956,0.0409599726775956,0.0409599726775956,0.0409599726775956,0.0409599726775956
Click,W3 Peak,80,0.0409599726775956,0.0,10,152.0,152.0,153.0,152.0,152.0,152.0,152.0,152.0,152.0,152.0,152.0,0.0409599726775956,0.0409599726775956,0.0409599726775956,0.0409599726775956,0.0409599726775956,0.0409599726775956,0.0409599726775956,0.0409599726775956,0.0409599726775956,0.0409599726775956
Click,W3 Trough,30,0.14090230601092893,0.02072428904951487,10,50.0,50.0,50.0,50.0,50.0,50.0,50.0,50.0,50.0,50.0,50.0,0.12697591530054644,0.1228799180327868,0.12697591530054644,0.1638398907103825,0.12697591530054644,0.1638398907103825,0.1638398907103825,0.1679358879781421,0.1228799180327868,0.1228799180327868
Click,W3 Trough,40,0.12287991803278682,0.0,10,114.0,114.0,113.0,114.0,114.0,114.0,113.0,114.0,114.0,113.0,114.0,0.1228799180327868,0.1228799180327868,0.1228799180327868,0.1228799180327868,0.1228799180327868,0.1228799180327868,0.1228799180327868,0.1228799180327868,0.1228799180327868,0.1228799180327868
Click,W3 Trough,50,0.12287991803278682,0.0,10,122.0,122.0,122.0,122.0,122.0,122.0,122.0,122.0,122.0,122.0,122.0,0.1228799180327868,0.1228799180327868,0.1228799180327868,0.1228799180327868,0.1228799180327868,0.1228799180327868,0.1228799180327868,0.1228799180327868,0.1228799180327868,0.1228799180327868
Click,W3 Trough,60,0.103219131147541,0.02077818846186638,10,130.0,130.0,131.0,130.0,131.0,131.0,130.0,130.0,131.0,130.0,130.0,0.08601594262295112,0.0819199453551912,0.1228799180327868,0.0819199453551912,0.1228799180327868,0.08601594262295112,0.1228799180327868,0.0819199453551912,0.1228799180327868,0.1228799180327868
Click,W3 Trough,70,0.12206071857923488,0.002590536131189391,10,132.0,132.0,132.0,132.0,131.0,133.0,133.0,132.0,133.0,132.0,133.0,0.1228799180327868,0.1228799180327868,0.1228799180327868,0.1228799180327868,0.1228799180327868,0.1228799180327868,0.1228799180327868,0.1228799180327868,0.1228799180327868,0.11468792349726757
Click,W3 Trough,80,0.12287991803278682,0.0,10,153.0,153.0,153.0,153.0,153.0,153.0,153.0,153.0,153.0,153.0,153.0,0.1228799180327868,0.1228799180327868,0.1228799180327868,0.1228799180327868,0.1228799180327868,0.1228799180327868,0.1228799180327868,0.1228799180327868,0.1228799180327868,0.1228799180327868
Click,all targets,30,0.10772472814207648,0.017275636981858924,10,207.0,207.0,207.0,207.0,207.0,207.0,207.0,207.0,207.0,207.0,206.0,0.1228799180327868,0.09830393442622967,0.0819199453551912,0.1228799180327868,0.0819199453551912,0.1228799180327868,0.1228799180327868,0.09830393442622967,0.1228799180327868,0.102399931693989
Click,all targets,40,0.0819199453551912,0.0,10,468.0,468.0,467.0,468.0,468.0,465.0,467.0,468.0,468.0,467.0,468.0,0.0819199453551912,0.0819199453551912,0.0819199453551912,0.0819199453551912,0.0819199453551912,0.0819199453551912,0.0819199453551912,0.0819199453551912,0.0819199453551912,0.0819199453551912
Click,all targets,50,0.0819199453551912,0.0,10,491.0,491.0,491.0,491.0,491.0,491.0,491.0,491.0,491.0,491.0,491.0,0.0819199453551912,0.0819199453551912,0.0819199453551912,0.0819199453551912,0.0819199453551912,0.0819199453551912,0.0819199453551912,0.0819199453551912,0.0819199453551912,0.0819199453551912
Click,all targets,60,0.0819199453551912,0.0,10,521.0,520.0,522.0,521.0,521.0,522.0,521.0,521.0,521.0,518.0,520.0,0.0819199453551912,0.0819199453551912,0.0819199453551912,0.0819199453551912,0.0819199453551912,0.0819199453551912,0.0819199453551912,0.0819199453551912,0.0819199453551912,0.0819199453551912
Click,all targets,70,0.0819199453551912,0.0,10,532.0,532.0,532.0,532.0,531.0,533.0,533.0,532.0,533.0,532.0,533.0,0.0819199453551912,0.0819199453551912,0.0819199453551912,0.0819199453551912,0.0819199453551912,0.0819199453551912,0.0819199453551912,0.0819199453551912,0.0819199453551912,0.0819199453551912
Click,all targets,80,0.0819199453551912,0.0,10,609.0,609.0,610.0,609.0,609.0,609.0,609.0,609.0,609.0,609.0,609.0,0.0819199453551912,0.0819199453551912,0.0819199453551912,0.0819199453551912,0.0819199453551912,0.0819199453551912,0.0819199453551912,0.0819199453551912,0.0819199453551912,0.0819199453551912
4 kHz,W1 Peak,40,0.28467181010928977,0.06681066957130004,10,39.0,39.0,38.0,38.0,40.0,38.0,39.0,37.0,40.0,40.0,39.0,0.3440637704918035,0.25395183060109355,0.17612788251366135,0.33996777322404387,0.25804782786885255,0.25395183060109294,0.2047998633879781,0.290815806010929,0.3809277459016395,0.3440637704918035
4 kHz,W1 Peak,50,0.13107191256830594,0.017270240874595735,10,95.5,93.0,96.0,94.0,94.0,96.0,93.0,95.0,96.0,96.0,96.0,0.1228799180327868,0.1228799180327868,0.1638398907103825,0.1228799180327868,0.1228799180327868,0.1228799180327868,0.1228799180327868,0.1638398907103825,0.1228799180327868,0.1228799180327868
4 kHz,W1 Peak,60,0.10158073224043714,0.02077818846186649,10,131.5,131.0,131.0,132.0,131.0,131.0,132.0,131.0,132.0,132.0,132.0,0.1228799180327868,0.0819199453551912,0.11878392076502747,0.0819199453551912,0.0819199453551912,0.11878392076502747,0.1228799180327868,0.1228799180327868,0.0819199453551912,0.0819199453551912
4 kHz,W1 Peak,70,0.12287991803278682,0.0,10,115.0,115.0,115.0,115.0,115.0,115.0,115.0,115.0,114.0,115.0,115.0,0.1228799180327868,0.1228799180327868,0.1228799180327868,0.1228799180327868,0.1228799180327868,0.1228799180327868,0.1228799180327868,0.1228799180327868,0.1228799180327868,0.1228799180327868
4 kHz,W1 Peak,80,0.10035193306010917,0.016298432407555408,10,128.0,128.0,128.0,128.0,128.0,128.0,128.0,128.0,128.0,128.0,128.0,0.0819199453551912,0.09420793715846977,0.09420793715846977,0.1228799180327868,0.09420793715846977,0.0819199453551912,0.09420793715846977,0.09420793715846977,0.1228799180327868,0.1228799180327868
4 kHz,W1 Trough,40,0.2125822581967213,0.059715151316622285,10,40.5,42.0,39.0,39.0,42.0,40.0,41.0,39.0,40.0,41.0,41.0,0.2457598360655737,0.33587177595628426,0.17203188524590174,0.24166383879781408,0.13107191256830605,0.2047998633879781,0.1392639071038253,0.2047998633879781,0.2047998633879781,0.2457598360655737
4 kHz,W1 Trough,50,0.0819199453551912,0.0,10,94.0,92.0,94.0,93.0,94.0,95.0,93.0,93.0,94.0,95.0,95.0,0.0819199453551912,0.0819199453551912,0.0819199453551912,0.0819199453551912,0.0819199453551912,0.0819199453551912,0.0819199453551912,0.0819199453551912,0.0819199453551912,0.0819199453551912
4 kHz,W1 Trough,60,0.07700474863387978,0.012778811285755006,10,132.0,132.0,132.0,132.0,132.0,132.0,132.0,132.0,132.0,132.0,132.0,0.0819199453551912,0.0819199453551912,0.0819199453551912,0.07782394808743187,0.0819199453551912,0.0819199453551912,0.0409599726775956,0.0819199453551912,0.07782394808743187,0.0819199453551912
4 kHz,W1 Trough,70,0.0819199453551912,0.0,10,115.0,115.0,115.0,115.0,115.0,115.0,115.0,115.0,114.0,115.0,115.0,0.0819199453551912,0.0819199453551912,0.0819199453551912,0.0819199453551912,0.0819199453551912,0.0819199453551912,0.0819199453551912,0.0819199453551912,0.0819199453551912,0.0819199453551912
4 kHz,W1 Trough,80,0.11018232650273214,0.01677192931617132,10,128.0,128.0,128.0,128.0,128.0,128.0,128.0,128.0,128.0,128.0,128.0,0.1228799180327868,0.09420793715846977,0.1228799180327868,0.1228799180327868,0.09420793715846977,0.09420793715846977,0.1228799180327868,0.1228799180327868,0.1228799180327868,0.0819199453551912
4 kHz,W3 Peak,40,0.17121268579234966,0.024862549711834426,10,41.5,42.0,42.0,41.0,41.0,42.0,42.0,39.0,42.0,41.0,40.0,0.1638398907103825,0.15974389344262285,0.2047998633879781,0.1228799180327868,0.20070386612021848,0.20070386612021848,0.1638398907103825,0.1638398907103825,0.1638398907103825,0.1679358879781421
4 kHz,W3 Peak,50,0.12042231967213109,0.007771608393567993,10,98.0,97.0,98.0,98.0,98.0,98.0,97.0,97.0,98.0,98.0,97.0,0.1228799180327868,0.1228799180327868,0.1228799180327868,0.1228799180327868,0.1228799180327868,0.1228799180327868,0.1228799180327868,0.1228799180327868,0.1228799180327868,0.09830393442622967
4 kHz,W3 Peak,60,0.0819199453551912,0.0,10,132.0,132.0,132.0,132.0,132.0,132.0,132.0,132.0,132.0,132.0,132.0,0.0819199453551912,0.0819199453551912,0.0819199453551912,0.0819199453551912,0.0819199453551912,0.0819199453551912,0.0819199453551912,0.0819199453551912,0.0819199453551912,0.0819199453551912
4 kHz,W3 Peak,70,0.0409599726775956,0.0,10,115.0,115.0,115.0,115.0,115.0,115.0,115.0,115.0,114.0,115.0,115.0,0.0409599726775956,0.0409599726775956,0.0409599726775956,0.0409599726775956,0.0409599726775956,0.0409599726775956,0.0409599726775956,0.0409599726775956,0.0409599726775956,0.0409599726775956
4 kHz,W3 Peak,80,0.05038076639344258,0.017058461320773006,10,128.0,128.0,128.0,128.0,128.0,128.0,128.0,128.0,128.0,128.0,128.0,0.05324796448087417,0.0409599726775956,0.0409599726775956,0.0409599726775956,0.0409599726775956,0.0409599726775956,0.0819199453551912,0.0409599726775956,0.0409599726775956,0.0819199453551912
4 kHz,W3 Trough,40,0.39239653825136617,0.027497130620516008,10,41.5,40.0,40.0,41.0,42.0,42.0,42.0,40.0,41.0,42.0,42.0,0.3686397540983607,0.3686397540983607,0.4095997267759563,0.4464637021857923,0.4055037295081967,0.3686397540983607,0.3686397540983607,0.4095997267759563,0.3686397540983607,0.4095997267759563
4 kHz,W3 Trough,50,0.30392299726775956,0.022911563608037307,10,93.0,92.0,93.0,92.0,93.0,93.0,92.0,93.0,94.0,92.0,93.0,0.2867198087431694,0.31948778688524576,0.2867198087431694,0.327679781420765,0.2867198087431694,0.32358378415300565,0.327679781420765,0.27443181693989077,0.327679781420765,0.2785278142076501
4 kHz,W3 Trough,60,0.21463025683060105,0.023346785202809653,10,129.0,128.0,129.0,129.0,131.0,130.0,129.0,129.0,129.0,128.0,129.0,0.17612788251366104,0.2047998633879781,0.2457598360655737,0.2457598360655737,0.208895860655738,0.2457598360655737,0.2047998633879781,0.2047998633879781,0.2047998633879781,0.2047998633879781
4 kHz,W3 Trough,70,0.187596674863388,0.020507274807049457,10,112.0,112.0,112.0,112.0,112.0,112.0,112.0,112.0,111.0,112.0,112.0,0.20070386612021876,0.2047998633879781,0.1638398907103825,0.20070386612021876,0.1638398907103825,0.2047998633879781,0.1638398907103825,0.2047998633879781,0.1638398907103825,0.2047998633879781
4 kHz,W3 Trough,80,0.28712940846994534,0.0012952680655947792,10,120.0,120.0,120.0,121.0,119.0,120.0,120.0,120.0,120.0,122.0,121.0,0.29081580601092927,0.2867198087431694,0.2867198087431694,0.2867198087431694,0.2867198087431694,0.2867198087431694,0.2867198087431694,0.2867198087431694,0.2867198087431694,0.2867198087431694
4 kHz,all targets,40,0.3227645846994537,0.022830056542129096,10,162.5,163.0,159.0,159.0,165.0,162.0,164.0,155.0,163.0,164.0,162.0,0.327679781420765,0.3358717759562848,0.327679781420765,0.327679781420765,0.2867198087431694,0.315391789617487,0.2867198087431694,0.327679781420765,0.327679781420765,0.36454375683060136
4 kHz,all targets,50,0.1638398907103825,0.0,10,380.0,374.0,381.0,377.0,379.0,382.0,375.0,378.0,382.0,381.0,381.0,0.1638398907103825,0.1638398907103825,0.1638398907103825,0.1638398907103825,0.1638398907103825,0.1638398907103825,0.1638398907103825,0.1638398907103825,0.1638398907103825,0.1638398907103825
4 kHz,all targets,60,0.12287991803278682,0.0,10,525.0,523.0,524.0,525.0,526.0,525.0,525.0,524.0,525.0,524.0,525.0,0.1228799180327868,0.1228799180327868,0.1228799180327868,0.1228799180327868,0.1228799180327868,0.1228799180327868,0.1228799180327868,0.1228799180327868,0.1228799180327868,0.1228799180327868
4 kHz,all targets,70,0.12287991803278682,0.0,10,457.0,457.0,457.0,457.0,457.0,457.0,457.0,457.0,453.0,457.0,457.0,0.1228799180327868,0.1228799180327868,0.1228799180327868,0.1228799180327868,0.1228799180327868,0.1228799180327868,0.1228799180327868,0.1228799180327868,0.1228799180327868,0.1228799180327868
4 kHz,all targets,80,0.16261109153005457,0.0038858041967841815,10,504.0,504.0,504.0,505.0,503.0,504.0,504.0,504.0,504.0,506.0,505.0,0.1638398907103825,0.1638398907103825,0.1638398907103825,0.1638398907103825,0.15155189890710333,0.1638398907103825,0.1638398907103825,0.1638398907103825,0.1638398907103825,0.1638398907103825
8 kHz,W1 Peak,10,0.17858548087431692,0.04570092112983678,10,14.0,15.0,13.0,13.0,14.0,12.0,14.0,14.0,13.0,15.0,15.0,0.1638398907103825,0.196607868852459,0.1228799180327868,0.1802238797814208,0.15974389344262294,0.15155189890710383,0.1638398907103825,0.1638398907103825,0.18841587431693985,0.29491180327868843
8 kHz,W1 Peak,20,0.1908734726775957,0.014856422944344725,10,63.0,63.0,64.0,63.0,63.0,63.0,63.0,63.0,64.0,64.0,64.0,0.19660786885245915,0.19251187158469954,0.19660786885245915,0.1638398907103825,0.1638398907103825,0.19660786885245915,0.19660786885245915,0.2047998633879781,0.19251187158469954,0.2047998633879781
8 kHz,W1 Peak,30,0.1638398907103825,0.0,10,70.5,70.0,70.0,71.0,70.0,71.0,70.0,71.0,71.0,71.0,70.0,0.1638398907103825,0.1638398907103825,0.1638398907103825,0.1638398907103825,0.1638398907103825,0.1638398907103825,0.1638398907103825,0.1638398907103825,0.1638398907103825,0.1638398907103825
8 kHz,W1 Peak,40,0.13107191256830594,0.01727024087459574,10,77.0,77.0,77.0,77.0,77.0,77.0,77.0,77.0,77.0,77.0,77.0,0.1228799180327868,0.1638398907103825,0.1638398907103825,0.1228799180327868,0.1228799180327868,0.1228799180327868,0.1228799180327868,0.1228799180327868,0.1228799180327868,0.1228799180327868
8 kHz,W1 Peak,50,0.12287991803278682,0.0,10,77.0,77.0,77.0,77.0,77.0,77.0,77.0,77.0,77.0,77.0,77.0,0.1228799180327868,0.1228799180327868,0.1228799180327868,0.1228799180327868,0.1228799180327868,0.1228799180327868,0.1228799180327868,0.1228799180327868,0.1228799180327868,0.1228799180327868
8 kHz,W1 Peak,60,0.12287991803278682,0.0,10,71.0,71.0,71.0,71.0,71.0,72.0,71.0,72.0,71.0,71.0,71.0,0.1228799180327868,0.1228799180327868,0.1228799180327868,0.1228799180327868,0.1228799180327868,0.1228799180327868,0.1228799180327868,0.1228799180327868,0.1228799180327868,0.1228799180327868
8 kHz,W1 Peak,70,0.09543673633879786,0.01902178073553088,10,90.0,90.0,90.0,90.0,90.0,90.0,90.0,90.0,89.0,90.0,90.0,0.0819199453551912,0.0819199453551912,0.08601594262295112,0.0819199453551912,0.1228799180327868,0.1228799180327868,0.08601594262295112,0.0819199453551912,0.08601594262295112,0.1228799180327868
8 kHz,W1 Peak,80,0.0409599726775956,0.0,10,90.0,90.0,90.0,90.0,90.0,90.0,90.0,90.0,90.0,90.0,90.0,0.0409599726775956,0.0409599726775956,0.0409599726775956,0.0409599726775956,0.0409599726775956,0.0409599726775956,0.0409599726775956,0.0409599726775956,0.0409599726775956,0.0409599726775956
8 kHz,W1 Trough,10,0.08560634289617483,0.014635191782708917,10,14.0,14.0,14.0,15.0,14.0,14.0,13.0,14.0,15.0,14.0,14.0,0.0819199453551912,0.06963195355191257,0.10649592896174855,0.06963195355191257,0.11059192622950817,0.07372795081967211,0.0819199453551912,0.0819199453551912,0.0819199453551912,0.09830393442622953
8 kHz,W1 Trough,20,0.08437754371584698,0.010956739523977454,10,63.0,63.0,63.0,63.0,63.0,63.0,63.0,63.0,63.0,64.0,63.0,0.0819199453551912,0.07372795081967226,0.0819199453551912,0.0819199453551912,0.0819199453551912,0.11468792349726786,0.0819199453551912,0.0819199453551912,0.0819199453551912,0.0819199453551912
8 kHz,W1 Trough,30,0.06963195355191251,0.01978554651948879,10,70.0,70.0,70.0,70.0,70.0,71.0,70.0,70.0,70.0,70.0,70.0,0.0409599726775956,0.0819199453551912,0.0819199453551912,0.0819199453551912,0.0819199453551912,0.0409599726775956,0.0819199453551912,0.0819199453551912,0.0819199453551912,0.0409599726775956
8 kHz,W1 Trough,40,0.04177917213114753,0.0025905361311893893,10,78.0,79.0,78.0,78.0,79.0,78.0,78.0,78.0,78.0,78.0,78.0,0.049151967213114836,0.0409599726775956,0.0409599726775956,0.0409599726775956,0.0409599726775956,0.0409599726775956,0.0409599726775956,0.0409599726775956,0.0409599726775956,0.0409599726775956
8 kHz,W1 Trough,50,0.06799355464480868,0.01843957132494882,10,78.0,78.0,78.0,78.0,78.0,78.0,78.0,78.0,78.0,78.0,78.0,0.0819199453551912,0.05324796448087417,0.0819199453551912,0.0819199453551912,0.0819199453551912,0.0819199453551912,0.0409599726775956,0.05324796448087417,0.0819199453551912,0.0409599726775956
8 kHz,W1 Trough,60,0.10526712978142068,0.02016351470678162,10,72.0,72.0,72.0,72.0,72.0,72.0,72.0,72.0,72.0,72.0,72.0,0.0819199453551912,0.0819199453551912,0.0819199453551912,0.11878392076502718,0.1228799180327868,0.11878392076502718,0.1228799180327868,0.11878392076502718,0.1228799180327868,0.0819199453551912
8 kHz,W1 Trough,70,0.11550712295081962,0.01566268985009413,10,90.0,90.0,90.0,90.0,90.0,90.0,90.0,90.0,90.0,89.0,90.0,0.1228799180327868,0.1228799180327868,0.1228799180327868,0.1228799180327868,0.1228799180327868,0.0819199453551912,0.1228799180327868,0.1228799180327868,0.09011193989071044,0.1228799180327868
8 kHz,W1 Trough,80,0.04136957240437159,0.001295268065594788,10,90.0,90.0,90.0,90.0,90.0,90.0,90.0,90.0,90.0,90.0,90.0,0.0409599726775956,0.0409599726775956,0.0409599726775956,0.0409599726775956,0.0409599726775956,0.0409599726775956,0.0409599726775956,0.0409599726775956,0.0409599726775956,0.04505596994535551
8 kHz,W3 Peak,10,0.10649592896174857,0.023250773342152153,10,16.0,16.0,16.0,16.0,16.0,16.0,16.0,16.0,16.0,16.0,16.0,0.14335990437158463,0.0819199453551912,0.102399931693989,0.14335990437158463,0.0819199453551912,0.1228799180327868,0.102399931693989,0.102399931693989,0.102399931693989,0.0819199453551912
8 kHz,W3 Peak,20,0.0819199453551912,0.0,10,64.0,64.0,64.0,64.0,64.0,64.0,64.0,64.0,64.0,64.0,64.0,0.0819199453551912,0.0819199453551912,0.0819199453551912,0.0819199453551912,0.0819199453551912,0.0819199453551912,0.0819199453551912,0.0819199453551912,0.0819199453551912,0.0819199453551912
8 kHz,W3 Peak,30,0.0409599726775956,0.0,10,72.0,72.0,72.0,72.0,72.0,72.0,72.0,72.0,72.0,72.0,72.0,0.0409599726775956,0.0409599726775956,0.0409599726775956,0.0409599726775956,0.0409599726775956,0.0409599726775956,0.0409599726775956,0.0409599726775956,0.0409599726775956,0.0409599726775956
8 kHz,W3 Peak,40,0.0409599726775956,0.0,10,79.0,79.0,79.0,79.0,79.0,78.0,79.0,79.0,79.0,79.0,79.0,0.0409599726775956,0.0409599726775956,0.0409599726775956,0.0409599726775956,0.0409599726775956,0.0409599726775956,0.0409599726775956,0.0409599726775956,0.0409599726775956,0.0409599726775956
8 kHz,W3 Peak,50,0.0409599726775956,0.0,10,78.0,78.0,78.0,78.0,78.0,78.0,78.0,78.0,78.0,78.0,78.0,0.0409599726775956,0.0409599726775956,0.0409599726775956,0.0409599726775956,0.0409599726775956,0.0409599726775956,0.0409599726775956,0.0409599726775956,0.0409599726775956,0.0409599726775956
8 kHz,W3 Peak,60,0.07086075273224035,0.015810761679965223,10,72.0,72.0,72.0,72.0,72.0,72.0,72.0,72.0,72.0,72.0,72.0,0.07782394808743158,0.07782394808743158,0.0409599726775956,0.07782394808743158,0.07782394808743158,0.07782394808743158,0.0819199453551912,0.07782394808743158,0.07782394808743158,0.0409599726775956
8 kHz,W3 Peak,70,0.07905274726775956,0.01058462898321783,10,89.0,89.0,90.0,89.0,89.0,90.0,90.0,89.0,89.0,90.0,89.0,0.0819199453551912,0.0819199453551912,0.0819199453551912,0.0819199453551912,0.08601594262295112,0.0819199453551912,0.049151967213114836,0.0819199453551912,0.0819199453551912,0.0819199453551912
8 kHz,W3 Peak,80,0.0409599726775956,0.0,10,90.0,90.0,90.0,90.0,90.0,90.0,90.0,90.0,90.0,90.0,90.0,0.0409599726775956,0.0409599726775956,0.0409599726775956,0.0409599726775956,0.0409599726775956,0.0409599726775956,0.0409599726775956,0.0409599726775956,0.0409599726775956,0.0409599726775956
8 kHz,W3 Trough,10,0.24248303825136608,0.06888639929679091,10,16.0,16.0,16.0,16.0,16.0,15.0,16.0,16.0,15.0,16.0,15.0,0.2867198087431694,0.16383989071038246,0.1228799180327868,0.32767978142076504,0.18841587431693985,0.24575983606557372,0.2867198087431693,0.2047998633879781,0.2867198087431694,0.3112957923497267
8 kHz,W3 Trough,20,0.23838704098360655,0.024560808561203944,10,58.0,58.0,58.0,58.0,58.0,58.0,58.0,58.0,58.0,58.0,58.0,0.2457598360655737,0.21708785519125695,0.21708785519125695,0.2457598360655737,0.21708785519125695,0.2047998633879781,0.2457598360655737,0.2457598360655737,0.2867198087431694,0.25804782786885255
8 kHz,W3 Trough,30,0.1925118715846994,0.027645874482606806,10,71.0,71.0,71.0,71.0,71.0,71.0,71.0,71.0,71.0,71.0,71.0,0.2047998633879781,0.2047998633879781,0.1638398907103825,0.1638398907103825,0.2047998633879781,0.2047998633879781,0.2047998633879781,0.1638398907103825,0.2457598360655737,0.1638398907103825
8 kHz,W3 Trough,40,0.1740798838797814,0.01740464166327394,10,76.0,77.0,76.0,76.0,77.0,76.0,76.0,75.0,76.0,76.0,76.0,0.2047998633879781,0.1638398907103825,0.1638398907103825,0.2047998633879781,0.1843198770491803,0.1638398907103825,0.1638398907103825,0.1638398907103825,0.1638398907103825,0.1638398907103825
8 kHz,W3 Trough,50,0.12697591530054644,0.008848365397912401,10,76.0,76.0,77.0,76.0,75.0,75.0,76.0,76.0,76.0,75.0,75.0,0.1228799180327868,0.1392639071038253,0.1228799180327868,0.1228799180327868,0.14745590163934458,0.1228799180327868,0.1228799180327868,0.1228799180327868,0.1228799180327868,0.1228799180327868
8 kHz,W3 Trough,60,0.24985583333333333,0.00431756021864899,10,69.0,69.0,69.0,69.0,69.0,69.0,69.0,70.0,69.0,69.0,69.0,0.2457598360655737,0.2457598360655737,0.25395183060109294,0.25395183060109294,0.25395183060109294,0.2457598360655737,0.2457598360655737,0.25395183060109294,0.2457598360655737,0.25395183060109294
8 kHz,W3 Trough,70,0.1630206912568306,0.01566268985009423,10,87.0,87.0,87.0,86.0,87.0,87.0,87.0,87.0,87.0,87.0,87.0,0.1638398907103825,0.1638398907103825,0.1228799180327868,0.1638398907103825,0.1638398907103825,0.1638398907103825,0.18022387978142096,0.18022387978142096,0.1638398907103825,0.1638398907103825
8 kHz,W3 Trough,80,0.2093054603825137,0.01344003166966817,10,87.0,87.0,87.0,88.0,87.0,87.0,87.0,87.0,86.0,87.0,87.0,0.2047998633879781,0.22118385245901656,0.2047998633879781,0.18022387978142096,0.2047998633879781,0.22118385245901656,0.2047998633879781,0.2252798497267759,0.22118385245901656,0.2047998633879781
8 kHz,all targets,10,0.17407988387978138,0.04083462540928311,10,60.0,61.0,59.0,60.0,60.0,57.0,59.0,60.0,59.0,61.0,60.0,0.1638398907103825,0.1228799180327868,0.1228799180327868,0.2088958606557377,0.13926390710382502,0.1638398907103825,0.2047998633879781,0.1638398907103825,0.2047998633879781,0.2457598360655737
8 kHz,all targets,20,0.16875508743169404,0.01292386486795928,10,248.0,248.0,249.0,248.0,248.0,248.0,248.0,248.0,249.0,250.0,249.0,0.1638398907103825,0.1638398907103825,0.1638398907103825,0.1638398907103825,0.1638398907103825,0.1638398907103825,0.1638398907103825,0.17203188524590232,0.1638398907103825,0.2047998633879781
8 kHz,all targets,30,0.14417910382513674,0.018898883850381378,10,283.5,283.0,283.0,284.0,283.0,285.0,283.0,284.0,284.0,284.0,283.0,0.1228799180327868,0.1638398907103825,0.1515518989071045,0.1638398907103825,0.1228799180327868,0.15564789617486383,0.1228799180327868,0.1515518989071045,0.1638398907103825,0.1228799180327868
8 kHz,all targets,40,0.12287991803278682,0.0,10,310.0,312.0,310.0,310.0,312.0,309.0,310.0,309.0,310.0,310.0,310.0,0.1228799180327868,0.1228799180327868,0.1228799180327868,0.1228799180327868,0.1228799180327868,0.1228799180327868,0.1228799180327868,0.1228799180327868,0.1228799180327868,0.1228799180327868
8 kHz,all targets,50,0.11550712295081955,0.015662689850094235,10,309.0,309.0,310.0,309.0,308.0,308.0,309.0,309.0,309.0,308.0,308.0,0.09011193989070986,0.1228799180327868,0.1228799180327868,0.1228799180327868,0.1228799180327868,0.1228799180327868,0.1228799180327868,0.1228799180327868,0.1228799180327868,0.0819199453551912
8 kHz,all targets,60,0.14499830327868862,0.019615223007344598,10,284.0,284.0,284.0,284.0,284.0,285.0,284.0,286.0,284.0,284.0,284.0,0.1638398907103825,0.1228799180327868,0.1515518989071045,0.1638398907103825,0.1228799180327868,0.1228799180327868,0.1228799180327868,0.1638398907103825,0.1515518989071045,0.1638398907103825
8 kHz,all targets,70,0.12287991803278682,0.0,10,356.0,356.0,357.0,355.0,356.0,357.0,357.0,356.0,355.0,356.0,356.0,0.1228799180327868,0.1228799180327868,0.1228799180327868,0.1228799180327868,0.1228799180327868,0.1228799180327868,0.1228799180327868,0.1228799180327868,0.1228799180327868,0.1228799180327868
8 kHz,all targets,80,0.10649592896174856,0.021151638938858474,10,357.0,357.0,357.0,358.0,357.0,357.0,357.0,357.0,356.0,357.0,357.0,0.0819199453551912,0.1228799180327868,0.1228799180327868,0.1228799180327868,0.1228799180327868,0.1228799180327868,0.1228799180327868,0.0819199453551912,0.0819199453551912,0.0819199453551912
10 kHz,W1 Peak,10,0.450559699453552,0.058566236249783,10,13.0,13.0,13.0,13.0,12.0,13.0,13.0,13.0,13.0,13.0,13.0,0.581631612021858,0.46694368852459045,0.4014077322404373,0.4259837158469946,0.5079036612021859,0.39321573770491824,0.4177917213114755,0.4014077322404373,0.46694368852459045,0.4423677049180328
10 kHz,W1 Peak,20,0.15933429371584695,0.01287328203250266,10,61.0,61.0,61.0,61.0,62.0,62.0,61.0,61.0,61.0,61.0,62.0,0.1638398907103825,0.1638398907103825,0.1638398907103825,0.15974389344262285,0.1638398907103825,0.1638398907103825,0.1638398907103825,0.1228799180327868,0.1638398907103825,0.1638398907103825
10 kHz,W1 Peak,30,0.08355834426229503,0.005181072262378692,10,66.0,66.0,66.0,67.0,67.0,66.0,67.0,66.0,66.0,66.0,67.0,0.0819199453551912,0.0819199453551912,0.0983039344262294,0.0819199453551912,0.0819199453551912,0.0819199453551912,0.0819199453551912,0.0819199453551912,0.0819199453551912,0.0819199453551912
10 kHz,W1 Peak,40,0.0819199453551912,0.0,10,69.0,69.0,69.0,69.0,69.0,69.0,69.0,69.0,69.0,69.0,69.0,0.0819199453551912,0.0819199453551912,0.0819199453551912,0.0819199453551912,0.0819199453551912,0.0819199453551912,0.0819199453551912,0.0819199453551912,0.0819199453551912,0.0819199453551912
10 kHz,W1 Peak,50,0.0819199453551912,0.0,10,92.0,92.0,92.0,92.0,92.0,92.0,92.0,92.0,92.0,92.0,92.0,0.0819199453551912,0.0819199453551912,0.0819199453551912,0.0819199453551912,0.0819199453551912,0.0819199453551912,0.0819199453551912,0.0819199453551912,0.0819199453551912,0.0819199453551912
10 kHz,W1 Peak,60,0.0819199453551912,0.0,10,69.0,69.0,69.0,69.0,69.0,69.0,69.0,69.0,69.0,69.0,69.0,0.0819199453551912,0.0819199453551912,0.0819199453551912,0.0819199453551912,0.0819199453551912,0.0819199453551912,0.0819199453551912,0.0819199453551912,0.0819199453551912,0.0819199453551912
10 kHz,W1 Peak,70,0.07454715027322407,0.011871327911693156,10,77.0,77.0,77.0,77.0,77.0,77.0,77.0,77.0,77.0,77.0,77.0,0.05734396174863408,0.05734396174863408,0.0819199453551912,0.05734396174863408,0.0819199453551912,0.0819199453551912,0.0819199453551912,0.0819199453551912,0.0819199453551912,0.0819199453551912
10 kHz,W1 Peak,80,0.08110074590163928,0.002590536131189393,10,73.0,73.0,73.0,73.0,73.0,73.0,73.0,73.0,73.0,73.0,73.0,0.0819199453551912,0.0819199453551912,0.0819199453551912,0.0819199453551912,0.07372795081967197,0.0819199453551912,0.0819199453551912,0.0819199453551912,0.0819199453551912,0.0819199453551912
10 kHz,W1 Trough,10,0.13434871038251367,0.0406768253088872,10,14.0,14.0,14.0,14.0,13.0,14.0,14.0,14.0,14.0,14.0,14.0,0.20889586065573776,0.11059192622950817,0.0819199453551912,0.0819199453551912,0.16793588797814216,0.1228799180327868,0.15155189890710383,0.1392639071038252,0.11059192622950817,0.16793588797814216
10 kHz,W1 Trough,20,0.0577535614754098,0.02001504686312944,10,61.0,61.0,60.0,61.0,61.0,62.0,60.0,60.0,61.0,61.0,61.0,0.0409599726775956,0.04505596994535522,0.0409599726775956,0.0819199453551912,0.07782394808743158,0.04505596994535522,0.0409599726775956,0.0409599726775956,0.0819199453551912,0.0819199453551912
10 kHz,W1 Trough,30,0.05160956557377043,0.013405311819185698,10,67.0,67.0,67.0,67.0,67.0,67.0,67.0,67.0,67.0,67.0,67.0,0.0409599726775956,0.0409599726775956,0.0819199453551912,0.0409599726775956,0.0409599726775956,0.0409599726775956,0.057343961748633786,0.057343961748633786,0.057343961748633786,0.057343961748633786
10 kHz,W1 Trough,40,0.0409599726775956,0.0,10,69.0,69.0,69.0,69.0,69.0,69.0,69.0,69.0,69.0,69.0,69.0,0.0409599726775956,0.0409599726775956,0.0409599726775956,0.0409599726775956,0.0409599726775956,0.0409599726775956,0.0409599726775956,0.0409599726775956,0.0409599726775956,0.0409599726775956
10 kHz,W1 Trough,50,0.0409599726775956,0.0,10,92.0,91.0,91.0,92.0,92.0,92.0,92.0,91.0,92.0,92.0,92.0,0.0409599726775956,0.0409599726775956,0.0409599726775956,0.0409599726775956,0.0409599726775956,0.0409599726775956,0.0409599726775956,0.0409599726775956,0.0409599726775956,0.0409599726775956
10 kHz,W1 Trough,60,0.0409599726775956,0.0,10,69.0,69.0,69.0,69.0,69.0,69.0,69.0,69.0,69.0,69.0,69.0,0.0409599726775956,0.0409599726775956,0.0409599726775956,0.0409599726775956,0.0409599726775956,0.0409599726775956,0.0409599726775956,0.0409599726775956,0.0409599726775956,0.0409599726775956
10 kHz,W1 Trough,70,0.0409599726775956,0.0,10,77.0,77.0,77.0,77.0,77.0,77.0,77.0,77.0,77.0,77.0,77.0,0.0409599726775956,0.0409599726775956,0.0409599726775956,0.0409599726775956,0.0409599726775956,0.0409599726775956,0.0409599726775956,0.0409599726775956,0.0409599726775956,0.0409599726775956
10 kHz,W1 Trough,80,0.0409599726775956,0.0,10,73.0,73.0,73.0,73.0,73.0,73.0,73.0,73.0,73.0,73.0,73.0,0.0409599726775956,0.0409599726775956,0.0409599726775956,0.0409599726775956,0.0409599726775956,0.0409599726775956,0.0409599726775956,0.0409599726775956,0.0409599726775956,0.0409599726775956
10 kHz,W3 Peak,10,0.0819199453551912,0.0,10,14.0,14.0,14.0,14.0,14.0,14.0,14.0,14.0,14.0,14.0,14.0,0.0819199453551912,0.0819199453551912,0.0819199453551912,0.0819199453551912,0.0819199453551912,0.0819199453551912,0.0819199453551912,0.0819199453551912,0.0819199453551912,0.0819199453551912
10 kHz,W3 Peak,20,0.0819199453551912,0.0,10,63.0,63.0,63.0,63.0,63.0,63.0,63.0,63.0,63.0,63.0,63.0,0.0819199453551912,0.0819199453551912,0.0819199453551912,0.0819199453551912,0.0819199453551912,0.0819199453551912,0.0819199453551912,0.0819199453551912,0.0819199453551912,0.0819199453551912
10 kHz,W3 Peak,30,0.05898236065573766,0.020361313700606676,10,67.0,67.0,67.0,67.0,67.0,67.0,67.0,67.0,67.0,67.0,67.0,0.0409599726775956,0.0409599726775956,0.0409599726775956,0.0819199453551912,0.0409599726775956,0.0819199453551912,0.0409599726775956,0.0819199453551912,0.057343961748633786,0.0819199453551912
10 kHz,W3 Peak,40,0.0409599726775956,0.0,10,69.0,69.0,69.0,69.0,69.0,69.0,69.0,69.0,69.0,69.0,69.0,0.0409599726775956,0.0409599726775956,0.0409599726775956,0.0409599726775956,0.0409599726775956,0.0409599726775956,0.0409599726775956,0.0409599726775956,0.0409599726775956,0.0409599726775956
10 kHz,W3 Peak,50,0.0409599726775956,0.0,10,92.0,92.0,92.0,92.0,92.0,92.0,92.0,92.0,92.0,92.0,92.0,0.0409599726775956,0.0409599726775956,0.0409599726775956,0.0409599726775956,0.0409599726775956,0.0409599726775956,0.0409599726775956,0.0409599726775956,0.0409599726775956,0.0409599726775956
10 kHz,W3 Peak,60,0.0409599726775956,0.0,10,69.0,69.0,69.0,69.0,69.0,69.0,69.0,69.0,69.0,69.0,69.0,0.0409599726775956,0.0409599726775956,0.0409599726775956,0.0409599726775956,0.0409599726775956,0.0409599726775956,0.0409599726775956,0.0409599726775956,0.0409599726775956,0.0409599726775956
10 kHz,W3 Peak,70,0.0819199453551912,0.0,10,77.0,77.0,77.0,77.0,77.0,77.0,77.0,77.0,77.0,77.0,77.0,0.0819199453551912,0.0819199453551912,0.0819199453551912,0.0819199453551912,0.0819199453551912,0.0819199453551912,0.0819199453551912,0.0819199453551912,0.0819199453551912,0.0819199453551912
10 kHz,W3 Peak,80,0.0409599726775956,0.0,10,73.0,73.0,73.0,73.0,73.0,73.0,73.0,73.0,73.0,73.0,73.0,0.0409599726775956,0.0409599726775956,0.0409599726775956,0.0409599726775956,0.0409599726775956,0.0409599726775956,0.0409599726775956,0.0409599726775956,0.0409599726775956,0.0409599726775956
10 kHz,W3 Trough,10,0.2641918237704918,0.06290168117619985,10,13.0,13.0,14.0,14.0,13.0,13.0,13.0,13.0,13.0,13.0,14.0,0.2375678415300546,0.2047998633879781,0.2047998633879781,0.31129579234972676,0.2375678415300546,0.3031037978142077,0.31129579234972676,0.1638398907103825,0.3604477595628416,0.30719979508196743
10 kHz,W3 Trough,20,0.17530868306010927,0.018600618673721734,10,63.0,63.0,63.0,63.0,63.0,63.0,63.0,63.0,62.0,63.0,63.0,0.1638398907103825,0.1638398907103825,0.1638398907103825,0.1638398907103825,0.19660786885245915,0.1638398907103825,0.1638398907103825,0.2047998633879781,0.1638398907103825,0.2047998633879781
10 kHz,W3 Trough,30,0.16138229234972673,0.014475099549096588,10,66.0,66.0,67.0,67.0,66.0,66.0,66.0,66.0,67.0,66.0,67.0,0.1638398907103825,0.1638398907103825,0.1228799180327868,0.1638398907103825,0.1638398907103825,0.1638398907103825,0.1638398907103825,0.18022387978142068,0.1638398907103825,0.1638398907103825
10 kHz,W3 Trough,40,0.16056309289617485,0.01036214452475741,10,69.0,69.0,69.0,69.0,69.0,69.0,69.0,69.0,69.0,69.0,69.0,0.1638398907103825,0.1638398907103825,0.1638398907103825,0.1638398907103825,0.1638398907103825,0.1638398907103825,0.13107191256830605,0.1638398907103825,0.1638398907103825,0.1638398907103825
10 kHz,W3 Trough,50,0.1720318852459016,0.017270240874595704,10,91.0,91.0,91.0,91.0,91.0,91.0,90.0,91.0,91.0,91.0,91.0,0.1638398907103825,0.1638398907103825,0.1638398907103825,0.2047998633879781,0.1638398907103825,0.1638398907103825,0.2047998633879781,0.1638398907103825,0.1638398907103825,0.1638398907103825
10 kHz,W3 Trough,60,0.16875508743169398,0.012923864867959258,10,69.0,69.0,69.0,69.0,69.0,69.0,69.0,69.0,69.0,69.0,69.0,0.17203188524590174,0.1638398907103825,0.2047998633879781,0.1638398907103825,0.1638398907103825,0.1638398907103825,0.1638398907103825,0.1638398907103825,0.1638398907103825,0.1638398907103825
10 kHz,W3 Trough,70,0.1630206912568306,0.009807611503672247,10,76.0,77.0,76.0,76.0,77.0,76.0,76.0,76.0,77.0,77.0,76.0,0.1392639071038253,0.1638398907103825,0.1638398907103825,0.18022387978142096,0.1638398907103825,0.1638398907103825,0.1638398907103825,0.1638398907103825,0.1638398907103825,0.1638398907103825
10 kHz,W3 Trough,80,0.16343029098360654,0.0012952680655947011,10,72.0,72.0,72.0,72.0,72.0,72.0,72.0,72.0,72.0,72.0,72.0,0.1638398907103825,0.1638398907103825,0.1638398907103825,0.1638398907103825,0.1638398907103825,0.1638398907103825,0.1638398907103825,0.1638398907103825,0.15974389344262285,0.1638398907103825
10 kHz,all targets,10,0.22773744808743174,0.03545660787127756,10,54.0,54.0,55.0,55.0,52.0,54.0,54.0,54.0,54.0,54.0,55.0,0.2457598360655737,0.1884158743169399,0.2047998633879781,0.2047998633879781,0.23347184426229514,0.19251187158469954,0.23347184426229514,0.2047998633879781,0.29081580601092927,0.2785278142076504
10 kHz,all targets,20,0.12902391393442617,0.013272548096868437,10,248.0,248.0,247.0,248.0,249.0,250.0,247.0,247.0,247.0,248.0,249.0,0.1228799180327868,0.1228799180327868,0.1228799180327868,0.1228799180327868,0.12697591530054614,0.1228799180327868,0.1228799180327868,0.1392639071038253,0.1228799180327868,0.1638398907103825
10 kHz,all targets,30,0.09584633606557373,0.019328015363271563,10,267.0,266.0,267.0,268.0,267.0,266.0,267.0,266.0,267.0,266.0,268.0,0.0819199453551912,0.0819199453551912,0.1228799180327868,0.09830393442622967,0.0819199453551912,0.0819199453551912,0.0819199453551912,0.1228799180327868,0.0819199453551912,0.1228799180327868
10 kHz,all targets,40,0.0819199453551912,0.0,10,276.0,276.0,276.0,276.0,276.0,276.0,276.0,276.0,276.0,276.0,276.0,0.0819199453551912,0.0819199453551912,0.0819199453551912,0.0819199453551912,0.0819199453551912,0.0819199453551912,0.0819199453551912,0.0819199453551912,0.0819199453551912,0.0819199453551912
10 kHz,all targets,50,0.08765434153005472,0.01340531181918583,10,367.0,366.0,366.0,367.0,367.0,367.0,366.0,366.0,367.0,367.0,367.0,0.0819199453551912,0.0819199453551912,0.0819199453551912,0.0819199453551912,0.0819199453551912,0.0819199453551912,0.0819199453551912,0.09830393442623084,0.1228799180327868,0.0819199453551912
10 kHz,all targets,60,0.0819199453551912,0.0,10,276.0,276.0,276.0,276.0,276.0,276.0,276.0,276.0,276.0,276.0,276.0,0.0819199453551912,0.0819199453551912,0.0819199453551912,0.0819199453551912,0.0819199453551912,0.0819199453551912,0.0819199453551912,0.0819199453551912,0.0819199453551912,0.0819199453551912
10 kHz,all targets,70,0.09830393442622967,0.018009971588119702,10,307.0,308.0,307.0,307.0,308.0,307.0,307.0,307.0,308.0,308.0,307.0,0.09420793715847035,0.0819199453551912,0.0819199453551912,0.1228799180327868,0.1228799180327868,0.0819199453551912,0.09830393442623084,0.0819199453551912,0.09420793715847035,0.1228799180327868
10 kHz,all targets,80,0.11059192622950813,0.01978554651948879,10,291.0,291.0,291.0,291.0,291.0,291.0,291.0,291.0,291.0,291.0,291.0,0.1228799180327868,0.0819199453551912,0.0819199453551912,0.1228799180327868,0.1228799180327868,0.1228799180327868,0.1228799180327868,0.0819199453551912,0.1228799180327868,0.1228799180327868
16 kHz,W1 Peak,10,0.21872625409836063,0.044669537281096475,10,34.5,35.0,35.0,34.0,34.0,34.0,35.0,35.0,34.0,34.0,35.0,0.1884158743169399,0.3112957923497268,0.18022387978142065,0.19251187158469937,0.19251187158469937,0.253951830601093,0.2293758469945355,0.22118385245901628,0.1638398907103825,0.253951830601093
16 kHz,W1 Peak,20,0.09912313387978136,0.020597975270889513,10,59.0,59.0,59.0,59.0,59.0,59.0,59.0,59.0,59.0,59.0,59.0,0.0819199453551912,0.0819199453551912,0.1228799180327868,0.09011193989071044,0.0819199453551912,0.1228799180327868,0.0819199453551912,0.0819199453551912,0.1228799180327868,0.1228799180327868
16 kHz,W1 Peak,30,0.0819199453551912,0.0,10,61.0,61.0,61.0,61.0,61.0,61.0,61.0,61.0,61.0,61.0,61.0,0.0819199453551912,0.0819199453551912,0.0819199453551912,0.0819199453551912,0.0819199453551912,0.0819199453551912,0.0819199453551912,0.0819199453551912,0.0819199453551912,0.0819199453551912
16 kHz,W1 Peak,40,0.0819199453551912,0.0,10,69.0,69.0,69.0,69.0,69.0,69.0,69.0,69.0,69.0,69.0,69.0,0.0819199453551912,0.0819199453551912,0.0819199453551912,0.0819199453551912,0.0819199453551912,0.0819199453551912,0.0819199453551912,0.0819199453551912,0.0819199453551912,0.0819199453551912
16 kHz,W1 Peak,50,0.0819199453551912,0.0,10,90.0,90.0,90.0,90.0,90.0,90.0,90.0,90.0,90.0,90.0,90.0,0.0819199453551912,0.0819199453551912,0.0819199453551912,0.0819199453551912,0.0819199453551912,0.0819199453551912,0.0819199453551912,0.0819199453551912,0.0819199453551912,0.0819199453551912
16 kHz,W1 Peak,60,0.07577594945355186,0.013822937241303405,10,86.0,86.0,86.0,86.0,86.0,86.0,86.0,86.0,86.0,86.0,86.0,0.0819199453551912,0.0819199453551912,0.0409599726775956,0.0819199453551912,0.0819199453551912,0.0819199453551912,0.0614399590163934,0.0819199453551912,0.0819199453551912,0.0819199453551912
16 kHz,W1 Peak,70,0.0819199453551912,0.0,10,77.0,77.0,77.0,77.0,77.0,77.0,77.0,77.0,77.0,77.0,77.0,0.0819199453551912,0.0819199453551912,0.0819199453551912,0.0819199453551912,0.0819199453551912,0.0819199453551912,0.0819199453551912,0.0819199453551912,0.0819199453551912,0.0819199453551912
16 kHz,W1 Peak,80,0.0819199453551912,0.0,10,69.0,69.0,69.0,69.0,69.0,69.0,69.0,69.0,69.0,69.0,69.0,0.0819199453551912,0.0819199453551912,0.0819199453551912,0.0819199453551912,0.0819199453551912,0.0819199453551912,0.0819199453551912,0.0819199453551912,0.0819199453551912,0.0819199453551912
16 kHz,W1 Trough,10,0.1155071229508196,0.03616456067913518,10,34.0,34.0,34.0,34.0,34.0,34.0,34.0,34.0,34.0,34.0,34.0,0.0819199453551912,0.1638398907103825,0.15155189890710374,0.0696319535519125,0.1105919262295081,0.0819199453551912,0.0819199453551912,0.15155189890710374,0.1105919262295081,0.15155189890710374
16 kHz,W1 Trough,20,0.043417571038251376,0.0039571093038978135,10,59.0,59.0,59.0,59.0,59.0,59.0,59.0,59.0,59.0,59.0,59.0,0.049151967213114836,0.0409599726775956,0.0409599726775956,0.0409599726775956,0.0409599726775956,0.0409599726775956,0.0409599726775956,0.049151967213114836,0.0409599726775956,0.049151967213114836
16 kHz,W1 Trough,30,0.0409599726775956,0.0,10,61.0,61.0,61.0,61.0,61.0,61.0,61.0,61.0,61.0,61.0,61.0,0.0409599726775956,0.0409599726775956,0.0409599726775956,0.0409599726775956,0.0409599726775956,0.0409599726775956,0.0409599726775956,0.0409599726775956,0.0409599726775956,0.0409599726775956
16 kHz,W1 Trough,40,0.04177917213114753,0.0025905361311893893,10,69.0,69.0,69.0,69.0,69.0,69.0,69.0,69.0,69.0,69.0,69.0,0.0409599726775956,0.049151967213114836,0.0409599726775956,0.0409599726775956,0.0409599726775956,0.0409599726775956,0.0409599726775956,0.0409599726775956,0.0409599726775956,0.0409599726775956
16 kHz,W1 Trough,50,0.04136957240437159,0.001295268065594788,10,90.0,90.0,90.0,90.0,90.0,90.0,90.0,90.0,90.0,90.0,90.0,0.04505596994535551,0.0409599726775956,0.0409599726775956,0.0409599726775956,0.0409599726775956,0.0409599726775956,0.0409599726775956,0.0409599726775956,0.0409599726775956,0.0409599726775956
16 kHz,W1 Trough,60,0.0409599726775956,0.0,10,86.0,86.0,86.0,86.0,86.0,86.0,86.0,86.0,86.0,86.0,86.0,0.0409599726775956,0.0409599726775956,0.0409599726775956,0.0409599726775956,0.0409599726775956,0.0409599726775956,0.0409599726775956,0.0409599726775956,0.0409599726775956,0.0409599726775956
16 kHz,W1 Trough,70,0.0409599726775956,0.0,10,77.0,77.0,77.0,77.0,77.0,77.0,77.0,77.0,77.0,77.0,77.0,0.0409599726775956,0.0409599726775956,0.0409599726775956,0.0409599726775956,0.0409599726775956,0.0409599726775956,0.0409599726775956,0.0409599726775956,0.0409599726775956,0.0409599726775956
16 kHz,W1 Trough,80,0.0409599726775956,0.0,10,69.0,69.0,69.0,69.0,69.0,69.0,69.0,69.0,69.0,69.0,69.0,0.0409599726775956,0.0409599726775956,0.0409599726775956,0.0409599726775956,0.0409599726775956,0.0409599726775956,0.0409599726775956,0.0409599726775956,0.0409599726775956,0.0409599726775956
16 kHz,W3 Peak,10,0.11878392076502724,0.012952680655946777,10,35.0,35.0,35.0,35.0,35.0,35.0,35.0,35.0,35.0,35.0,35.0,0.1228799180327868,0.1228799180327868,0.1228799180327868,0.1228799180327868,0.0819199453551912,0.1228799180327868,0.1228799180327868,0.1228799180327868,0.1228799180327868,0.1228799180327868
16 kHz,W3 Peak,20,0.06389755737704918,0.01923132633581284,10,59.0,59.0,59.0,59.0,59.0,59.0,59.0,59.0,59.0,59.0,59.0,0.049151967213114836,0.0819199453551912,0.0409599726775956,0.049151967213114836,0.049151967213114836,0.0819199453551912,0.0819199453551912,0.0409599726775956,0.0819199453551912,0.0819199453551912
16 kHz,W3 Peak,30,0.0409599726775956,0.0,10,61.0,61.0,61.0,61.0,61.0,61.0,61.0,61.0,61.0,61.0,61.0,0.0409599726775956,0.0409599726775956,0.0409599726775956,0.0409599726775956,0.0409599726775956,0.0409599726775956,0.0409599726775956,0.0409599726775956,0.0409599726775956,0.0409599726775956
16 kHz,W3 Peak,40,0.04956156693989068,0.01710211708332163,10,70.0,70.0,70.0,70.0,70.0,70.0,70.0,70.0,70.0,70.0,70.0,0.0409599726775956,0.0409599726775956,0.0409599726775956,0.0409599726775956,0.0409599726775956,0.0409599726775956,0.0409599726775956,0.0819199453551912,0.04505596994535522,0.0819199453551912
16 kHz,W3 Peak,50,0.045875169398907144,0.012778811285755002,10,90.0,90.0,90.0,90.0,90.0,90.0,90.0,90.0,90.0,90.0,90.0,0.04505596994535551,0.0409599726775956,0.0409599726775956,0.0409599726775956,0.0409599726775956,0.0409599726775956,0.0409599726775956,0.04505596994535551,0.0409599726775956,0.0819199453551912
16 kHz,W3 Peak,60,0.05816316120218583,0.019095139205747257,10,85.0,85.0,85.0,85.0,86.0,85.0,86.0,85.0,85.0,85.0,85.0,0.0409599726775956,0.0819199453551912,0.06553595628415332,0.0819199453551912,0.0409599726775956,0.0409599726775956,0.0409599726775956,0.06553595628415332,0.0819199453551912,0.0409599726775956
16 kHz,W3 Peak,70,0.07536634972677593,0.014345739496725943,10,77.0,77.0,77.0,77.0,77.0,77.0,77.0,77.0,77.0,77.0,77.0,0.05734396174863408,0.0819199453551912,0.0819199453551912,0.0409599726775956,0.0819199453551912,0.0819199453551912,0.0819199453551912,0.0819199453551912,0.0819199453551912,0.0819199453551912
16 kHz,W3 Peak,80,0.0409599726775956,0.0,10,69.0,69.0,69.0,69.0,69.0,69.0,69.0,69.0,69.0,69.0,69.0,0.0409599726775956,0.0409599726775956,0.0409599726775956,0.0409599726775956,0.0409599726775956,0.0409599726775956,0.0409599726775956,0.0409599726775956,0.0409599726775956,0.0409599726775956
16 kHz,W3 Trough,10,0.23633904234972675,0.05344190858759346,10,32.0,33.0,32.0,32.0,32.0,32.0,32.0,32.0,32.0,32.0,33.0,0.2375678415300546,0.2867198087431694,0.2047998633879781,0.2457598360655737,0.2826238114754099,0.2047998633879781,0.2457598360655737,0.1638398907103825,0.1638398907103825,0.327679781420765
16 kHz,W3 Trough,20,0.26869742076502734,0.025337862493958748,10,58.0,58.0,58.0,58.0,58.0,58.0,58.0,58.0,58.0,58.0,58.0,0.2867198087431694,0.2867198087431694,0.2867198087431694,0.2867198087431694,0.2867198087431694,0.25804782786885255,0.21708785519125695,0.2867198087431694,0.2457598360655737,0.2457598360655737
16 kHz,W3 Trough,30,0.19660786885245898,0.01727024087459571,10,61.0,61.0,61.0,61.0,61.0,61.0,61.0,61.0,61.0,61.0,61.0,0.1638398907103825,0.2047998633879781,0.1638398907103825,0.2047998633879781,0.2047998633879781,0.2047998633879781,0.2047998633879781,0.2047998633879781,0.2047998633879781,0.2047998633879781
16 kHz,W3 Trough,40,0.24739823497267754,0.003454048174919198,10,68.5,69.0,68.0,69.0,68.0,67.0,68.0,69.0,67.0,69.0,69.0,0.25395183060109294,0.2457598360655737,0.2457598360655737,0.2457598360655737,0.2457598360655737,0.2457598360655737,0.25395183060109294,0.2457598360655737,0.2457598360655737,0.2457598360655737
16 kHz,W3 Trough,50,0.22691824863387983,0.02081404386120511,10,90.0,90.0,90.0,90.0,90.0,90.0,90.0,90.0,90.0,90.0,90.0,0.2457598360655737,0.208895860655738,0.2457598360655737,0.208895860655738,0.208895860655738,0.2047998633879781,0.2498558333333336,0.2457598360655737,0.2457598360655737,0.2047998633879781
16 kHz,W3 Trough,60,0.16793588797814205,0.012952680655946775,10,86.0,86.0,86.0,86.0,86.0,86.0,86.0,86.0,86.0,86.0,86.0,0.1638398907103825,0.1638398907103825,0.1638398907103825,0.1638398907103825,0.1638398907103825,0.1638398907103825,0.1638398907103825,0.1638398907103825,0.2047998633879781,0.1638398907103825
16 kHz,W3 Trough,70,0.1638398907103825,0.0,10,77.0,77.0,77.0,77.0,77.0,77.0,77.0,77.0,77.0,77.0,77.0,0.1638398907103825,0.1638398907103825,0.1638398907103825,0.1638398907103825,0.1638398907103825,0.1638398907103825,0.1638398907103825,0.1638398907103825,0.1638398907103825,0.1638398907103825
16 kHz,W3 Trough,80,0.18268147814207653,0.019328015363271535,10,69.0,69.0,69.0,69.0,69.0,69.0,69.0,69.0,69.0,69.0,69.0,0.17203188524590174,0.17203188524590174,0.2047998633879781,0.2047998633879781,0.1638398907103825,0.1638398907103825,0.2047998633879781,0.2047998633879781,0.17203188524590174,0.1638398907103825
16 kHz,all targets,10,0.19865586748633882,0.03991116795271501,10,135.5,137.0,136.0,135.0,135.0,135.0,136.0,136.0,135.0,135.0,137.0,0.18022387978142096,0.26623982240437155,0.1638398907103825,0.1884158743169402,0.2047998633879781,0.1638398907103825,0.2457598360655737,0.1638398907103825,0.1638398907103825,0.2457598360655737
16 kHz,all targets,20,0.12287991803278682,0.0,10,235.0,235.0,235.0,235.0,235.0,235.0,235.0,235.0,235.0,235.0,235.0,0.1228799180327868,0.1228799180327868,0.1228799180327868,0.1228799180327868,0.1228799180327868,0.1228799180327868,0.1228799180327868,0.1228799180327868,0.1228799180327868,0.1228799180327868
16 kHz,all targets,30,0.1134591243169399,0.017058461320772995,10,244.0,244.0,244.0,244.0,244.0,244.0,244.0,244.0,244.0,244.0,244.0,0.0819199453551912,0.0819199453551912,0.11059192622950882,0.1228799180327868,0.1228799180327868,0.1228799180327868,0.1228799180327868,0.1228799180327868,0.1228799180327868,0.1228799180327868
16 kHz,all targets,40,0.1515518989071038,0.017377844662526155,10,276.5,277.0,276.0,277.0,276.0,275.0,276.0,277.0,275.0,277.0,277.0,0.1638398907103825,0.1228799180327868,0.1638398907103825,0.1638398907103825,0.147455901639344,0.1638398907103825,0.1638398907103825,0.1228799180327868,0.1638398907103825,0.1392639071038253
16 kHz,all targets,50,0.12287991803278682,0.0,10,360.0,360.0,360.0,360.0,360.0,360.0,360.0,360.0,360.0,360.0,360.0,0.1228799180327868,0.1228799180327868,0.1228799180327868,0.1228799180327868,0.1228799180327868,0.1228799180327868,0.1228799180327868,0.1228799180327868,0.1228799180327868,0.1228799180327868
16 kHz,all targets,60,0.09011193989071033,0.0172702408745957,10,343.0,343.0,343.0,343.0,344.0,343.0,344.0,343.0,343.0,343.0,343.0,0.0819199453551912,0.0819199453551912,0.0819199453551912,0.1228799180327868,0.0819199453551912,0.0819199453551912,0.0819199453551912,0.0819199453551912,0.0819199453551912,0.1228799180327868
16 kHz,all targets,70,0.08314874453551911,0.003885804196784182,10,308.0,308.0,308.0,308.0,308.0,308.0,308.0,308.0,308.0,308.0,308.0,0.0819199453551912,0.0819199453551912,0.0819199453551912,0.0819199453551912,0.0819199453551912,0.0819199453551912,0.0819199453551912,0.09420793715847035,0.0819199453551912,0.0819199453551912
16 kHz,all targets,80,0.12287991803278682,0.0,10,276.0,276.0,276.0,276.0,276.0,276.0,276.0,276.0,276.0,276.0,276.0,0.1228799180327868,0.1228799180327868,0.1228799180327868,0.1228799180327868,0.1228799180327868,0.1228799180327868,0.1228799180327868,0.1228799180327868,0.1228799180327868,0.1228799180327868
